,WIND
4178,3.0
4998,11.63
1166,10.63
1130,8.83
2593,2.21
2427,6.04
4448,7.87
2439,1.63
4075,2.13
2045,9.87
4779,7.29
3169,3.88
5104,3.17
4585,5.17
4367,8.04
3953,14.96
2540,4.67
1693,12.62
1780,8.12
4124,2.92
4772,11.96
3094,9.79
1196,8.63
3525,3.58
1868,1.87
4912,9.79
680,11.38
4527,13.59
926,8.42
3231,10.83
4876,13.46
2143,3.71
872,15.04
2664,4.33
1616,1.83
5005,13.46
4246,8.79
2413,3.83
3152,5.33
1672,14.58
846,10.71
2156,5.71
503,7.79
4319,9.25
3757,17.5
1549,11.58
958,3.08
3765,4.25
2406,7.92
3618,20.25
4218,8.38
1226,12.96
5006,9.59
1459,19.62
3492,3.21
4953,12.33
2740,4.0
2325,17.0
5295,10.75
3389,14.0
698,6.46
1450,17.08
4991,13.79
3446,5.5
5294,10.34
2672,10.92
3006,15.63
2087,8.08
2952,14.92
249,6.46
405,19.41
2645,3.17
3587,12.33
1295,14.67
3905,11.21
3203,20.62
1717,12.67
3163,12.38
3175,7.87
5007,5.5
3887,15.59
4698,11.04
4598,2.17
4326,13.62
4473,5.37
167,8.79
5117,2.79
2926,14.58
1040,3.46
4649,7.62
3888,11.87
1434,12.04
3641,9.5
2018,12.38
1681,3.42
2909,8.42
1783,6.25
1817,11.46
1975,1.75
4162,2.75
1542,6.21
2499,7.96
2832,3.92
2814,11.29
729,12.58
3782,12.96
3347,12.17
1252,5.46
4878,8.38
1838,16.25
1464,13.54
4558,11.54
784,15.5
4038,9.46
597,10.37
4638,9.67
3160,6.17
3114,3.21
1683,9.29
269,5.58
4405,9.87
4220,1.46
4388,10.63
10,4.63
3893,15.59
2646,2.33
3417,10.0
4377,20.88
4581,11.79
1878,9.38
2167,12.46
4893,7.75
564,4.88
1049,11.29
799,18.29
65,8.79
301,6.0
177,14.04
2949,12.87
474,3.33
447,4.88
3312,13.13
1969,17.33
3695,2.21
3125,8.63
1390,6.87
3040,9.62
1748,6.67
1612,5.79
2044,7.83
3907,19.25
2505,10.88
5283,14.62
3108,4.33
2576,9.71
36,14.37
1407,7.75
1822,7.58
2496,3.17
4314,21.67
4464,8.96
3697,8.38
3968,13.96
195,7.87
315,17.83
5131,16.5
4396,8.79
2453,9.29
2649,3.04
2319,13.96
2676,3.42
2115,7.33
3594,14.33
2008,16.33
4554,5.04
1237,1.46
4819,18.16
2978,8.29
1729,20.12
607,7.41
617,16.42
4942,5.71
3965,17.41
4844,7.21
3180,2.54
897,11.12
3332,4.54
5286,1.96
4003,5.21
132,4.0
1093,18.66
1483,10.88
1446,16.71
1183,22.95
289,15.83
1859,4.96
179,2.67
589,16.25
3483,5.83
2790,9.59
2525,5.54
2013,1.54
4110,4.42
1848,5.29
3351,12.21
2696,3.88
2611,9.83
1027,2.54
3867,7.46
2401,9.71
4219,6.0
1170,13.29
4965,21.75
4522,5.79
4130,8.67
4739,8.58
2476,8.21
2264,7.21
3085,10.83
1131,11.63
251,6.08
2916,12.29
3733,17.5
4506,3.08
3104,7.29
3928,9.87
5207,3.25
3844,8.04
4015,14.0
4340,2.92
2594,7.83
4778,9.04
2928,21.04
2713,11.46
727,10.5
4619,9.0
2549,8.25
4024,5.58
4973,14.71
257,10.96
4035,9.42
888,8.87
1279,7.0
518,12.96
2898,9.62
1892,2.42
2767,6.54
2815,10.79
667,14.96
997,15.04
3514,9.17
1441,15.46
2965,12.58
4787,11.67
2340,10.88
571,6.34
2897,9.21
5273,14.96
2697,1.5
916,3.92
4288,12.21
1109,4.17
2247,11.96
2813,6.46
1909,7.04
2865,14.46
510,4.75
3586,11.92
3974,16.79
327,3.63
3647,19.79
4441,8.29
895,7.67
1747,15.04
4917,11.75
5065,8.33
4376,16.58
336,17.29
4320,16.71
4281,12.04
994,10.17
616,12.67
5122,7.12
3885,14.37
247,4.17
1503,9.83
3475,15.63
1613,3.5
1298,6.75
3459,7.0
1800,21.12
1781,11.08
2242,12.87
4370,16.88
3142,4.29
3593,14.29
736,6.67
9,7.54
2763,2.37
1941,5.13
2661,13.29
664,15.37
1302,13.04
546,2.29
4599,3.71
423,3.79
809,7.83
1208,14.54
1653,21.29
758,4.08
2943,11.25
2658,6.71
4713,17.41
2693,13.75
483,9.62
4592,6.58
3571,4.33
1063,16.42
3253,13.88
1561,7.04
238,6.92
4179,3.17
5272,4.12
2441,2.25
1455,15.04
221,8.17
2208,4.21
2119,9.75
734,8.38
1707,18.41
452,11.04
2858,12.46
1527,8.17
3408,8.12
4318,11.46
3265,10.67
2886,10.0
3498,3.71
2760,3.71
449,11.34
4670,9.21
4306,11.46
4511,1.46
4125,4.79
749,8.33
3433,3.63
275,21.84
1522,10.0
1090,9.92
4400,5.88
3739,5.91
5052,20.17
3146,5.88
1587,15.71
509,5.71
1511,11.34
1004,3.08
171,5.83
2123,5.33
4848,15.37
1572,6.25
354,17.29
2438,1.46
746,19.62
5062,7.58
861,14.5
2371,19.0
735,6.58
1405,10.08
3660,7.0
3122,5.09
5041,9.13
42,5.17
475,8.21
1256,13.21
4743,18.46
1493,8.75
1242,7.67
2458,19.95
2864,16.79
75,8.17
73,7.75
1263,13.17
2992,16.5
1000,6.25
4773,8.08
3977,19.5
2731,6.17
4211,13.88
2572,16.25
4828,9.42
896,15.5
1399,7.75
711,6.5
3821,10.63
815,10.67
1766,8.29
1974,4.46
4744,20.25
3002,6.87
2851,10.79
2808,4.71
3334,3.17
3210,6.42
4989,7.92
3256,5.29
4138,2.79
816,15.16
2737,9.96
1400,14.79
4918,11.12
137,11.71
957,4.88
4199,8.25
5091,8.79
2997,6.5
3172,6.17
524,2.88
582,6.04
1850,4.12
2514,9.42
972,8.04
1659,19.12
4466,10.37
2824,6.71
1147,6.29
1334,14.79
523,3.67
3400,5.46
3292,14.71
1395,9.54
3480,2.42
3150,6.92
4296,18.96
4631,6.63
3819,11.38
2796,8.17
905,8.63
773,6.34
3906,20.04
3950,17.83
2398,8.29
445,5.83
2798,6.17
4222,7.08
1736,13.04
4425,13.37
4116,6.04
1207,10.92
284,9.75
4126,3.96
366,18.88
1837,9.96
804,8.46
3075,9.0
551,13.29
4545,3.08
4750,13.79
2082,16.08
18,9.38
3611,15.0
1227,11.08
185,7.08
3016,11.67
228,4.58
2674,3.21
3220,15.54
2290,5.13
3746,2.37
1993,3.54
67,13.96
4709,15.34
2353,10.08
318,10.04
4882,5.0
584,19.75
3674,11.46
1842,6.92
2488,2.62
153,5.66
2328,10.13
3818,7.62
4859,7.46
4925,16.88
5154,4.42
3317,3.17
86,11.67
885,11.08
4707,16.33
1512,12.79
988,9.17
1294,12.5
4794,11.0
1640,4.42
2377,14.25
2968,17.12
1185,9.38
4666,2.54
2482,7.79
2144,8.67
4074,5.33
1913,2.13
3732,5.58
3460,1.42
1238,1.63
305,9.33
1940,6.25
512,8.0
3281,4.5
2093,8.25
2389,11.08
631,11.92
3443,6.42
593,9.42
4352,6.5
2367,11.58
4847,7.67
4482,9.04
4258,9.38
4607,21.84
4070,6.96
3110,9.96
4415,7.08
1156,19.08
2753,3.83
2448,2.42
974,11.34
417,17.08
3354,18.08
4420,4.33
766,12.25
4632,8.25
4362,11.34
4617,10.75
2364,11.34
3363,6.63
2950,18.05
4571,9.17
3268,5.33
4238,11.42
2343,6.42
1082,19.83
1566,4.04
3730,13.0
2559,5.88
2029,8.96
1447,22.29
2614,5.83
1413,16.88
4559,19.21
3917,14.29
1914,3.04
1032,2.46
3314,16.38
3874,12.67
3039,4.5
1376,23.04
2403,6.79
384,9.59
5219,5.71
756,2.54
4193,8.79
4749,14.09
446,8.79
3453,7.54
5225,12.87
225,12.12
3296,6.34
971,13.0
2964,13.67
3213,8.12
697,2.67
615,20.25
5190,3.88
2118,14.92
4341,10.08
2556,6.08
2306,9.96
1872,5.33
866,15.54
4292,13.04
583,6.83
1059,12.42
733,11.25
3127,11.21
992,10.75
3742,14.62
618,19.67
396,12.58
3080,6.92
3023,13.92
914,4.63
4210,11.25
633,13.62
2690,2.13
4827,11.58
3560,16.66
4373,5.96
813,9.5
4732,13.83
4305,16.42
2910,11.58
2532,4.0
1563,7.12
2723,1.54
149,9.71
1905,5.37
5042,6.5
4067,2.54
2097,6.38
1286,6.38
3817,5.71
5120,11.75
637,14.42
960,2.46
4284,9.17
4505,3.46
1262,10.71
2419,17.37
860,15.09
5211,15.67
4996,8.33
1046,17.33
1008,10.41
1785,13.04
1630,7.21
4134,6.58
3803,8.58
3726,12.92
2066,3.42
355,12.71
378,15.29
4244,8.58
2785,4.67
383,7.96
4357,20.79
3743,14.92
2977,7.5
310,12.79
575,11.79
1167,8.04
3242,19.38
2330,5.91
568,11.63
58,11.29
2007,17.75
4325,10.58
732,14.09
5090,5.96
1041,2.96
3559,10.46
3506,4.88
3749,6.46
2636,9.54
691,6.13
2755,6.71
3211,4.58
2717,7.17
4153,2.71
4515,1.87
104,9.5
3698,9.17
1225,15.29
1530,2.75
3762,14.12
665,12.96
465,7.46
1523,8.75
4049,12.83
1006,7.67
5018,16.75
3551,2.62
2053,11.25
4837,9.0
3709,2.96
1018,10.13
1107,6.92
2773,8.04
3074,7.5
303,3.13
2569,10.17
3854,6.13
4691,8.71
532,5.25
3328,3.79
4873,4.58
1276,2.88
712,7.29
539,7.25
2229,1.5
834,11.83
2602,3.46
101,4.46
5203,7.25
4013,1.63
412,19.79
857,7.21
1315,4.33
3293,11.08
1051,6.46
3430,4.5
124,8.38
3192,11.25
3350,17.41
3609,9.54
4823,13.21
1497,9.29
876,5.25
4253,14.0
2136,14.37
1337,9.92
28,10.17
2718,4.42
2232,8.42
520,5.88
1110,1.83
4103,1.58
265,10.17
2162,8.58
3948,17.75
4943,1.87
2805,9.42
4949,18.34
3014,19.29
1698,10.29
1016,9.13
1270,3.17
2298,6.13
3879,8.33
2883,6.21
4672,10.5
3382,10.92
2987,15.83
4727,11.17
4475,4.88
2137,17.62
3113,3.08
5049,15.46
2607,2.42
4164,2.62
2039,6.87
3041,9.83
3865,8.38
1938,7.25
2214,7.62
3755,5.63
3319,13.54
792,20.3
4311,13.83
4302,7.17
2648,2.62
5241,11.29
3643,12.21
3057,8.08
2411,2.54
4027,8.71
5234,11.29
4056,9.79
3993,7.0
3343,13.75
875,9.92
3987,6.08
103,12.96
4868,10.58
1516,4.25
307,15.41
4612,5.75
2417,12.04
46,9.62
5101,2.37
3209,12.87
2440,2.42
3816,7.12
3849,8.0
2135,5.04
2702,2.37
1750,5.63
814,10.29
1010,18.71
4457,9.79
4720,10.13
235,14.09
1691,19.75
3962,10.63
1740,8.75
2735,6.13
2003,9.71
3547,3.58
4748,17.54
3105,3.79
2980,8.04
4850,9.17
206,10.63
2386,13.17
2012,3.83
5166,4.67
1331,7.62
4301,14.58
3936,20.21
4151,3.75
4107,9.0
2595,9.33
2322,5.33
3009,9.54
3927,14.62
4168,2.79
1805,9.33
776,11.08
3763,3.42
830,7.71
2198,3.63
1851,5.04
4494,5.09
1865,6.5
1275,9.67
5188,4.79
4083,3.71
4572,1.92
917,8.0
2711,8.63
2106,7.96
1701,16.21
1117,6.29
3032,5.21
4157,7.75
3621,13.67
404,3.5
854,9.79
215,10.21
3898,8.54
344,15.29
2891,11.34
4304,19.12
3941,10.58
217,13.21
3734,12.92
1310,1.71
3938,17.58
5292,8.38
2055,8.38
1402,10.21
791,9.67
3983,14.92
1482,12.33
4058,4.67
2287,14.58
5100,4.58
1866,3.54
1732,3.46
1453,20.38
707,10.29
308,11.83
4881,5.13
2099,8.67
5270,6.21
3776,8.42
3752,9.33
1178,8.71
4432,9.83
1344,7.38
2276,17.67
807,6.04
937,4.08
4243,6.38
3853,2.79
3462,6.29
3068,11.38
246,7.87
186,4.96
4526,8.87
1203,9.96
421,12.04
2188,3.29
1804,10.08
1224,7.87
4849,19.17
4791,7.67
2960,8.38
3399,4.79
693,5.09
956,6.96
2376,11.34
4960,4.79
4836,14.88
3388,11.12
2032,10.63
493,18.79
4560,7.71
2396,13.83
2695,6.38
3335,4.92
2348,8.83
692,8.54
1833,6.92
2550,4.42
2430,4.12
1636,6.83
945,3.96
190,4.75
1199,14.83
4972,15.59
798,9.67
3345,11.25
3626,15.46
5230,16.92
904,6.75
560,4.83
717,6.5
4667,12.79
3754,9.21
4706,13.33
2166,6.71
2870,13.75
1188,9.71
91,5.33
1216,18.63
1998,20.33
141,7.92
4987,7.87
5255,16.17
2644,6.58
1233,4.75
2256,8.21
431,6.17
3342,16.38
3129,14.12
4785,12.83
5082,8.54
3692,2.42
470,7.83
2606,6.79
4995,13.92
3627,7.25
4176,5.0
160,10.54
4259,9.21
2347,13.62
1953,3.46
368,18.75
1293,7.62
910,5.91
236,7.87
3238,14.62
348,20.38
2358,8.33
4379,17.0
4133,5.96
2780,4.5
4518,3.0
5021,13.0
1356,8.17
2134,6.38
3846,16.21
270,9.92
1414,20.12
2152,6.17
351,12.46
3021,9.17
1625,11.0
4797,4.0
4109,3.33
2160,6.87
2850,7.04
3285,11.29
1454,17.04
501,12.87
2562,16.33
5015,11.87
1815,11.0
4228,16.04
4189,4.96
1247,10.08
921,14.88
4616,15.46
4308,8.38
3148,6.13
123,5.91
1011,14.83
1273,12.79
5044,17.0
2187,6.5
1611,4.54
3758,10.21
2497,4.96
4674,7.58
419,18.25
2420,8.87
1380,10.67
163,14.88
2423,14.17
3638,15.92
127,6.83
1712,16.25
3682,15.75
929,16.21
3439,6.0
4839,7.04
2151,10.25
1433,15.09
362,13.33
2988,7.87
1285,5.09
5138,10.34
5184,5.54
2455,13.67
1728,15.54
4808,13.08
1134,21.79
5192,12.38
4669,6.17
4132,9.13
1739,12.29
3944,18.63
828,8.92
959,3.63
4197,7.75
1034,8.54
353,10.29
2361,12.25
48,3.75
4575,6.54
2596,14.75
4120,6.87
3445,4.08
3044,8.17
1711,10.08
2297,5.5
68,8.12
1788,21.09
4156,3.83
1883,5.37
216,19.04
1676,2.71
4822,7.83
2384,5.66
4696,16.71
1289,8.96
4095,17.21
1410,12.92
4131,6.67
2799,6.29
4959,2.71
4990,10.29
2868,7.12
486,8.42
3130,9.87
783,16.79
3607,8.71
949,10.13
117,7.25
411,16.42
2667,12.12
3202,10.88
1699,6.67
4414,14.96
5221,3.04
4014,4.88
74,15.41
983,10.37
1801,17.0
4032,10.88
2929,13.0
5014,5.75
3478,3.21
1050,9.25
3808,8.5
2582,8.75
1713,10.63
3170,4.5
4387,14.71
1936,4.46
1720,9.87
638,20.21
2555,8.12
1529,5.0
3042,9.71
2016,10.88
5252,8.29
2680,8.25
898,8.25
4037,8.58
4858,9.08
3366,12.96
4227,14.0
3266,13.54
5031,8.58
3691,2.88
1939,7.46
4580,10.0
2561,18.58
3466,2.08
645,6.67
373,14.12
4548,9.75
1215,9.33
3636,10.0
839,11.63
3043,3.17
200,4.21
1058,11.12
4790,16.0
3630,15.54
2366,4.25
3531,7.17
2352,7.25
3825,10.96
4542,6.71
484,14.0
3812,2.5
4002,6.0
1361,16.75
2381,8.92
5293,13.92
4517,4.38
1773,7.08
1721,7.12
728,7.0
1845,4.46
3432,2.54
3115,4.29
1751,1.75
2829,1.67
4978,8.08
851,9.25
4489,7.92
943,9.96
3884,7.87
2669,12.21
3568,6.21
759,2.67
1415,10.0
196,9.67
5053,18.08
136,5.41
81,6.75
2837,5.13
4763,10.75
5039,21.87
4299,15.63
4894,10.88
2893,20.33
5085,7.25
108,6.25
4613,11.0
1829,3.88
3645,13.62
1768,4.83
4701,17.67
4158,9.46
4364,15.37
4139,5.21
1501,9.5
2038,17.37
3567,7.87
2852,8.67
1603,3.96
3745,1.58
2464,3.21
2164,4.21
642,13.33
3411,3.17
3450,5.63
610,12.96
3883,5.41
985,14.58
2230,4.71
2269,7.5
214,12.96
2552,3.25
4375,15.29
5162,1.83
2173,9.96
1291,6.58
3795,11.17
224,9.79
3612,12.62
4935,13.33
2867,8.04
1253,9.38
884,10.92
2317,17.54
4874,8.58
818,6.54
3346,9.79
2047,10.83
4181,14.0
3300,8.79
2177,6.63
4236,5.5
3020,18.12
2180,8.58
5106,2.29
3018,11.54
264,6.87
1087,4.88
2597,6.96
227,14.12
4047,10.54
641,17.5
4552,6.96
139,6.58
2827,8.96
1,11.5
3872,9.62
3544,3.88
3307,3.88
4333,17.12
2285,14.29
3461,4.79
309,6.34
3280,7.92
3036,15.04
4556,8.96
4276,11.63
4412,11.96
176,14.54
2908,8.33
562,4.96
2296,4.63
2508,1.75
3010,9.33
1496,9.21
5201,7.58
5269,8.87
3802,10.08
1586,11.5
3519,8.12
3145,5.0
1347,7.96
122,10.04
2959,3.33
3289,6.83
2957,6.04
1328,9.67
4892,11.21
952,14.04
504,5.46
5012,9.42
1666,10.83
2803,4.5
2845,7.41
4427,16.5
4476,4.08
1398,3.92
2668,5.96
4856,10.67
3788,7.96
1175,13.7
850,4.75
3908,20.21
4380,15.63
3966,15.79
56,10.25
863,9.79
580,12.75
4171,11.5
4086,5.71
3628,5.75
779,19.0
5281,16.71
3012,14.42
1461,15.09
3880,8.17
3930,17.41
174,10.08
2210,9.17
4347,14.17
2840,6.0
243,12.75
4832,7.21
1688,4.83
497,6.42
1045,17.88
3681,18.96
2250,19.25
2930,6.04
1052,11.63
4108,5.63
0,13.67
2429,13.37
340,15.29
3845,8.29
3420,11.04
2041,9.42
4271,8.87
4239,12.46
765,11.34
1391,10.63
393,6.83
3842,10.54
1457,17.12
5084,3.33
170,6.71
62,3.63
3099,10.92
2076,15.29
2158,2.83
150,6.25
4733,13.04
219,19.0
2846,5.71
2953,6.92
4722,14.12
3297,9.67
494,14.33
3353,17.0
4016,5.33
3747,6.17
4737,8.0
4916,14.37
358,7.41
899,10.04
2157,4.08
4088,9.62
4479,9.13
2779,4.58
1191,9.04
450,7.04
4252,18.21
1990,8.96
2231,3.42
4051,9.08
4911,14.88
3255,15.71
5027,6.38
1609,12.75
2655,6.87
5,9.17
4661,10.34
4864,16.04
1036,8.0
157,13.7
4634,6.5
5068,8.58
498,7.12
107,6.0
5266,8.92
1245,13.79
4213,13.33
259,8.71
5145,9.17
4192,9.33
4513,3.79
4896,15.25
1249,6.17
3690,4.83
806,8.87
2705,1.42
1632,15.34
4055,8.38
5180,5.96
1678,3.83
1886,12.0
2126,14.54
2035,7.5
2437,3.42
2079,6.75
4283,6.67
1901,11.08
2088,7.08
4751,10.58
339,4.58
2316,5.66
679,19.33
3225,6.71
3646,14.17
4498,9.87
2418,15.83
4530,8.63
226,9.08
2922,3.96
1624,10.08
2320,14.29
4248,5.66
991,9.29
1403,13.54
4264,10.83
1620,11.46
3472,11.79
5097,10.88
2272,11.34
1099,20.38
317,8.87
402,5.96
256,9.21
3073,9.04
466,9.92
2604,9.21
3278,10.0
3736,10.79
4686,3.83
3857,9.5
3934,14.92
311,16.5
1903,4.58
1042,8.96
2068,8.92
40,16.08
1664,5.91
2665,8.21
1677,0.58
650,12.42
2954,12.5
1352,21.87
870,15.96
3832,9.59
2580,11.92
3820,7.0
5028,2.29
4369,14.58
5267,12.21
3436,13.21
4273,7.29
4831,7.41
3578,7.62
2861,17.0
1031,6.21
675,20.33
3986,4.42
266,9.04
1606,19.67
4342,12.25
2263,12.21
1122,11.17
4359,7.54
5171,10.5
982,8.58
4403,14.79
5213,9.08
2797,7.58
2098,12.46
4435,11.08
4061,1.87
4006,6.34
4177,2.46
1292,6.13
1306,6.13
5040,16.08
3468,5.09
1823,6.17
906,13.25
4771,10.83
350,22.79
4880,7.5
4392,11.34
3605,9.13
789,7.54
965,10.67
1706,10.58
5050,17.25
394,4.0
1809,4.83
2979,11.83
375,7.92
4555,2.67
4289,13.96
977,7.21
4491,8.96
4431,8.38
451,5.96
1043,14.04
3299,12.71
4690,10.46
2707,4.33
502,10.08
2424,13.37
4285,12.33
26,14.5
1300,7.96
3785,12.42
660,8.67
401,6.71
1327,8.5
683,7.62
2833,3.67
4618,7.25
3171,5.83
2094,5.91
3504,2.04
3407,8.0
4066,4.38
3494,5.75
278,7.5
2474,8.71
4913,13.0
2375,12.04
4268,11.29
4742,14.29
3251,19.08
3710,2.75
1077,10.17
13,9.25
4798,4.0
975,9.25
53,21.17
1423,11.0
5261,4.63
1015,9.08
1849,3.92
1020,5.17
3007,22.92
1890,7.96
1534,3.04
4865,11.63
324,9.54
1618,4.25
1757,5.71
2710,6.54
1700,9.21
3848,6.92
2400,16.66
3048,10.88
5245,7.41
3141,8.25
2915,15.37
4328,4.58
3081,3.54
2538,10.75
3100,4.17
2734,6.42
1930,6.46
3193,5.75
3562,8.83
1657,10.04
4802,6.04
3814,4.17
4789,7.58
4531,10.34
4929,16.21
3404,4.83
1303,15.41
1096,15.34
536,8.38
5160,2.79
648,16.62
919,5.21
2726,4.67
4633,5.96
961,5.09
4561,3.04
1136,7.83
4042,9.79
1722,14.88
2961,7.83
2756,12.92
1168,4.58
3991,7.54
1342,19.87
3598,18.25
3272,5.63
1680,0.54
3341,8.38
2951,14.04
1724,4.42
1652,10.34
5237,9.04
2245,4.29
1060,15.04
3442,5.91
3804,7.87
3653,15.92
1332,6.0
1240,6.79
3608,3.83
4409,7.29
643,17.33
5108,8.5
4654,9.21
529,5.0
4928,19.29
130,2.42
4767,9.62
3431,2.71
3855,7.67
4755,8.96
2905,9.67
970,15.34
2062,17.12
346,19.7
120,5.17
3771,7.38
1029,1.92
2078,8.92
3245,15.29
292,8.21
3448,10.92
3233,11.75
5004,8.75
4510,4.71
2743,8.29
3909,11.75
2770,8.29
173,14.92
1338,18.58
5083,6.5
5264,13.21
4207,9.96
978,11.29
1375,18.5
2235,13.37
2139,9.96
1610,5.41
2509,1.21
3221,15.83
3833,10.04
4186,9.71
1918,2.58
151,9.17
513,5.79
147,9.54
2913,12.08
1272,8.25
2786,3.63
3227,10.88
1477,6.29
2656,3.42
1205,20.54
4335,8.79
2660,8.92
1072,6.29
2500,20.75
2006,7.38
2633,21.71
1429,19.08
52,13.08
1844,8.79
3859,13.37
2687,1.42
858,11.42
2974,7.5
5060,9.83
4605,16.75
1689,10.17
3676,11.38
2603,1.79
100,2.88
2492,1.29
4460,11.67
234,9.38
2531,0.54
755,3.67
832,12.04
3813,3.79
3673,9.13
5069,14.25
3721,11.75
3566,7.38
1737,19.79
3126,17.54
2058,3.0
273,14.58
41,15.46
3715,2.21
4019,19.29
515,4.54
4096,5.91
1176,10.04
1037,5.88
2529,9.75
1761,3.0
2774,12.67
2085,8.67
1714,14.58
4477,5.5
5089,3.96
2788,6.25
3705,11.92
433,8.58
410,13.75
2356,16.75
2469,17.5
4568,1.54
4458,3.37
4422,14.17
4523,6.04
1324,5.79
388,8.0
5308,19.25
3270,2.71
1819,8.38
4924,19.33
4676,7.96
1987,7.5
3657,10.88
2612,12.75
4687,10.96
5194,1.25
2976,14.42
4275,5.33
4658,14.79
4122,1.83
2812,2.79
183,10.25
2203,5.37
169,4.92
2121,6.5
2963,11.46
3378,8.12
3154,4.75
500,17.5
1212,10.58
1884,8.21
3153,3.67
4723,19.46
1387,13.5
409,10.83
4815,6.17
2939,11.87
2749,7.41
3837,7.71
4944,2.13
2454,7.83
4557,5.41
2586,9.5
4402,8.83
3206,9.17
4129,8.5
3980,6.67
4829,9.21
4339,4.38
4079,2.21
1920,2.71
768,2.62
4205,12.42
2539,3.13
1299,3.83
1341,5.63
3174,4.38
1301,11.96
3517,4.12
2678,14.79
2150,4.17
1604,8.87
210,6.83
7,8.04
940,1.96
678,13.96
2145,6.92
1598,4.54
294,6.58
3276,11.58
2324,15.5
347,12.42
1663,10.34
5016,14.46
3569,2.75
3361,8.08
5017,13.33
3164,10.67
1098,21.87
3308,2.79
4315,14.12
4337,9.42
3973,12.12
187,3.5
721,4.33
1022,5.25
963,2.79
3995,4.67
1201,5.25
349,19.75
2801,13.08
4345,11.29
1605,15.0
1106,8.33
4586,8.08
2434,8.33
4999,15.87
1261,11.21
4673,10.08
715,11.17
623,15.92
1570,7.12
2067,3.42
3773,11.54
3471,11.83
2981,8.58
3716,3.33
49,8.25
4908,11.83
2804,4.21
4693,16.71
1777,16.92
1269,9.5
2205,6.25
1864,11.08
4788,6.71
968,9.42
2782,8.71
4644,11.5
4054,5.54
4810,4.21
3850,9.42
4493,5.58
1217,10.41
1696,8.83
5197,0.75
3179,3.5
1932,10.46
3616,7.29
5079,8.42
1472,11.83
2033,6.71
229,2.92
2104,2.62
1223,11.96
35,16.5
458,17.12
1139,10.96
3298,13.42
2266,15.54
2190,3.79
2257,13.17
1923,7.87
3257,2.13
3109,6.58
357,18.29
1597,3.79
2345,10.63
4237,9.46
1480,17.71
3029,6.71
1488,7.38
1703,1.63
5109,8.29
2679,12.96
4582,7.54
2470,14.58
5076,11.25
3801,17.29
1702,6.13
253,8.92
3384,12.38
2315,10.83
939,2.5
3120,3.75
3629,8.71
1009,16.46
4395,17.67
1408,9.25
2207,6.0
2333,15.79
1030,1.75
3775,6.87
2261,8.96
2059,6.0
3243,21.71
780,22.92
285,9.42
398,5.79
2716,5.17
4957,6.54
4871,14.04
370,14.96
4206,14.12
4665,8.58
1694,15.79
2700,11.21
3954,11.08
4265,8.38
2321,5.63
218,12.58
4068,0.92
3689,15.0
2409,5.75
356,17.25
5008,9.38
4662,10.88
5153,11.67
795,12.96
4551,7.71
1481,18.12
3428,3.04
4711,15.41
4980,17.33
4044,8.33
4774,9.04
3380,7.62
2463,7.08
871,15.92
1489,6.46
3703,5.09
3508,10.17
1745,13.46
1596,2.83
3386,14.5
2875,14.96
716,11.0
4543,12.17
4826,15.41
3118,4.04
1075,15.04
3979,10.25
1790,11.25
4664,12.17
1806,5.71
741,9.46
2996,2.29
859,11.63
3949,11.12
4397,6.46
1095,12.46
1710,19.25
5196,1.46
1908,8.87
2560,19.62
1546,12.17
4795,10.0
750,9.59
427,15.34
1333,11.08
2627,2.83
1070,8.21
181,9.08
2600,17.33
796,12.83
156,12.96
2129,5.46
76,8.0
437,7.67
1193,20.62
2355,14.37
2739,4.71
3219,18.29
1559,3.46
4714,18.21
947,11.96
2218,6.67
4887,9.83
365,15.96
4700,14.0
4781,12.5
2336,17.04
3394,14.29
64,3.75
2176,8.29
1917,2.37
3337,3.67
182,11.83
3131,7.17
2498,7.5
3336,6.96
3235,15.96
3923,22.5
847,9.17
2942,12.38
4069,5.63
3597,7.41
3662,4.63
4005,6.96
2772,4.83
3107,3.54
1592,3.37
2822,5.04
1784,15.71
5291,17.46
1959,4.17
2433,11.08
250,4.12
254,12.46
2332,7.67
2194,11.29
4854,9.21
3087,15.29
3059,13.33
3952,20.5
1674,2.17
801,15.04
209,6.83
4906,12.04
844,15.96
1926,2.83
3189,5.5
400,7.67
1372,13.33
840,18.05
47,7.25
5276,17.58
3555,5.54
2138,19.04
3065,7.96
659,9.83
4643,15.41
4026,10.5
5001,8.0
710,10.04
1753,14.71
3232,6.71
4338,8.5
3275,8.29
5136,3.04
154,8.25
951,16.54
2326,10.83
1143,19.55
3370,14.37
628,4.92
2820,2.83
306,13.04
4835,9.62
29,10.88
1855,3.0
69,11.54
2048,7.58
4719,19.33
4642,7.87
6,14.29
4588,5.75
1013,8.71
1358,7.96
3769,7.46
2344,14.62
3089,11.17
4408,9.59
1725,10.0
718,5.5
3985,9.62
2109,8.5
4269,10.46
4909,10.58
4816,7.17
4114,3.54
4800,2.79
772,9.92
1956,11.04
1947,7.38
787,5.88
3412,3.71
4262,12.0
3770,5.75
1386,5.25
1531,4.67
2334,13.5
296,7.71
573,6.54
535,18.79
5195,1.33
5169,9.33
3606,16.33
663,14.46
372,11.71
212,15.09
928,19.41
5151,11.79
634,16.21
3783,7.58
197,5.79
4969,12.58
4180,8.29
1799,16.71
4804,12.25
5258,2.42
3485,3.96
3534,9.42
1119,8.5
3288,16.71
3103,8.04
2179,9.62
2054,7.67
1288,8.17
66,10.34
1654,22.0
5191,5.41
2826,6.08
4101,3.92
1485,10.71
1005,6.96
1228,9.21
3541,12.17
4524,4.12
3326,5.21
4872,7.92
4251,9.87
1954,2.46
4863,12.12
331,11.92
2986,18.41
1125,10.92
4300,14.83
260,4.04
325,4.79
3344,8.21
2609,10.96
4656,7.17
3158,5.96
3870,9.92
1368,12.21
3577,4.67
1834,15.96
5174,2.92
2206,7.92
478,5.41
600,8.38
778,17.25
4775,11.58
3149,6.83
1322,4.75
1097,16.21
702,4.46
54,12.75
4536,4.46
2535,6.54
1744,15.59
4488,8.83
2002,17.67
725,2.62
20,20.38
1383,9.67
657,7.62
2912,10.88
1047,9.62
4040,10.75
2647,2.54
2879,9.54
312,7.25
3877,10.0
2107,9.0
3961,10.88
2570,9.33
3290,13.08
2294,8.58
2092,10.88
1274,17.46
2501,10.41
4936,14.17
4574,2.58
369,8.21
2422,10.08
781,17.67
1506,9.5
397,7.71
2581,15.09
192,3.58
2127,18.5
2662,4.71
5158,0.83
1906,4.46
1319,3.79
1623,4.92
2598,12.5
1973,2.04
1655,7.75
5253,11.0
1080,6.96
4087,7.96
3810,5.96
2722,4.25
3659,12.71
3919,4.83
432,3.58
2090,4.58
3992,5.21
277,12.08
1396,9.96
3184,9.13
2195,8.29
4000,4.0
4255,18.54
2938,11.34
3890,8.87
2274,12.92
2226,10.71
2619,13.33
5240,6.34
4155,4.38
468,6.75
125,5.83
1360,14.79
2995,3.29
4071,12.04
5178,5.54
5020,15.37
2184,4.42
2026,11.63
2881,15.12
3381,11.75
2349,8.5
1026,6.25
3161,10.67
1330,8.12
1108,10.25
3619,20.83
2309,11.29
3637,14.62
3723,13.7
5247,12.62
3185,3.5
2876,9.0
3679,7.38
4146,9.59
1200,7.21
5087,11.17
320,16.83
708,9.75
3955,15.25
4660,2.04
2407,12.5
4675,16.66
4274,5.71
4793,11.08
1626,11.75
3318,4.58
1779,5.79
824,7.58
4927,17.79
5024,3.54
3731,13.54
4018,12.96
3013,14.21
1645,13.25
4752,6.75
1942,6.0
2163,7.54
1044,16.13
2141,17.16
87,5.25
2975,14.12
2518,12.92
382,13.88
1468,15.92
4247,11.67
2568,8.54
4393,8.29
2515,11.38
2346,10.25
912,10.25
3704,3.92
1218,14.21
485,2.79
3827,5.46
2591,9.54
4221,7.96
2835,1.58
5147,11.92
3324,13.13
3216,8.46
2630,8.67
726,3.13
2727,7.04
4885,11.08
4115,2.5
4914,13.25
5210,15.29
5290,12.33
1437,20.88
2339,15.29
1590,10.96
3649,8.92
5146,12.42
4100,2.88
1085,8.71
1385,16.5
1467,18.54
5300,2.42
1812,7.38
522,10.0
4975,8.38
514,1.87
2181,3.42
1697,12.83
3680,14.04
5208,7.38
3031,11.34
2744,4.5
2303,16.54
1743,16.0
488,21.5
4082,2.54
2202,9.54
2310,11.08
4604,13.04
2692,12.0
3201,9.08
1869,4.67
4546,4.42
1591,4.33
3416,14.79
3683,11.29
566,4.38
1164,10.96
2442,3.13
44,6.17
548,8.33
3413,3.21
2251,11.96
4303,21.29
652,4.33
5074,8.12
121,5.21
1900,12.12
1320,2.83
1177,11.92
302,2.29
4622,5.33
1374,14.25
4459,7.0
4516,2.0
737,15.67
3602,11.17
5125,8.71
2234,7.04
5268,19.29
2903,5.13
5032,14.17
4481,5.75
3495,10.41
3038,6.67
2921,15.41
2534,3.17
1023,12.0
1101,7.5
2927,16.21
2924,11.79
1492,13.83
2809,5.41
4502,5.91
4483,10.08
4601,7.83
1894,3.79
2890,11.63
2946,13.0
4041,11.79
1841,5.58
2370,16.38
980,2.04
2925,13.25
1180,17.79
2233,7.21
669,18.75
685,4.96
3869,13.92
4294,17.79
1786,14.5
4681,8.21
3391,3.29
1856,4.25
1232,13.29
4127,4.12
4979,8.12
2258,12.38
764,8.71
489,12.54
297,12.12
811,5.88
3620,13.92
4569,2.42
887,6.13
1281,3.46
3774,8.5
1832,3.63
886,11.29
4394,15.0
2802,5.63
374,8.29
4111,10.46
5164,11.87
2565,12.25
3528,6.38
2491,3.04
4659,4.63
1231,13.54
1889,15.67
1749,8.71
2116,4.08
1478,12.79
4497,9.25
635,15.83
3001,3.63
4967,11.96
1608,22.34
3168,7.58
1278,8.87
1670,12.38
4232,8.04
313,12.21
3049,10.41
3111,4.08
1907,2.83
2486,4.67
525,6.58
338,8.46
345,14.29
880,7.33
1690,16.62
3902,6.79
2685,5.17
38,17.5
1053,13.54
3284,14.71
4776,11.5
561,7.79
1463,6.96
1158,16.79
955,6.83
1219,17.71
3008,16.08
3340,9.0
3229,18.91
3283,11.12
3543,7.12
1039,7.71
436,5.83
4279,7.92
4091,3.92
3913,9.62
3134,3.92
4267,10.46
2178,4.71
2249,16.25
4678,9.13
1154,8.54
999,9.08
1814,11.17
5096,5.04
2124,10.54
3558,6.08
4614,11.83
95,5.66
3066,3.25
1508,18.58
3321,7.46
1265,5.41
161,13.29
1220,21.79
1354,8.42
2748,9.75
1828,6.21
2049,6.83
1552,5.83
4230,21.42
1160,3.79
482,9.08
233,1.25
5163,7.17
1174,10.96
3889,10.96
3183,11.42
3787,7.0
2571,13.17
3474,7.54
1685,13.88
4682,11.5
1772,4.63
724,4.08
3595,16.79
4910,16.5
3772,6.08
4784,8.5
2520,5.17
4921,12.62
2699,8.46
2940,16.08
316,12.62
386,5.33
2260,7.71
2084,9.67
2113,5.75
2350,10.29
143,6.21
258,5.83
3824,14.25
3990,8.58
4443,12.92
479,8.29
1943,8.54
3422,8.17
2941,16.58
5216,14.96
1498,10.71
5186,8.54
1658,14.46
5059,6.71
4272,6.04
1536,8.63
2842,6.54
3685,4.92
4897,9.75
953,8.71
3441,3.58
19,13.7
2299,11.29
4371,6.83
883,10.71
2914,17.04
1239,6.96
4045,17.71
1142,13.37
3678,4.04
653,4.17
158,10.37
1129,17.0
1979,14.42
2473,7.41
666,13.37
1997,3.25
3535,2.58
911,13.25
1540,6.08
3886,11.71
2209,12.96
4792,6.21
4263,18.66
865,19.41
4611,10.0
2839,2.0
753,16.13
4684,15.09
2071,12.46
2117,9.5
1287,9.17
1875,5.13
817,13.21
2031,5.83
2380,7.46
3196,10.29
2918,14.62
145,4.21
4059,4.04
3503,1.83
1466,19.67
3426,10.0
986,10.75
3590,10.88
3004,6.04
3217,6.5
1209,10.92
651,7.54
4161,0.92
3975,14.42
1622,7.83
3435,5.96
2841,6.17
473,3.0
2781,7.25
2219,2.42
230,4.63
4021,7.62
3419,13.75
2221,9.0
435,5.79
4564,8.33
4938,17.08
4824,15.5
4336,4.25
751,14.12
2307,13.33
4762,15.71
1323,2.83
656,19.55
752,22.63
4128,4.71
3123,12.42
4641,9.46
3330,6.58
2199,7.0
5165,7.58
1648,14.29
4046,15.92
4123,1.63
2698,12.62
3604,10.96
1525,16.38
3931,15.75
3722,4.33
172,15.75
587,4.42
5232,6.83
1547,6.5
3452,17.92
4089,9.92
1241,5.83
4382,6.87
3500,2.83
3188,5.75
5193,4.33
624,9.87
1145,12.29
5159,3.17
1157,17.46
740,11.08
4366,10.79
1198,6.87
1048,12.42
1124,13.83
1194,11.25
3339,7.12
2966,9.21
282,9.79
2522,11.63
1460,18.16
2494,13.13
3375,1.75
3156,5.91
1345,8.71
4437,7.12
2228,2.71
1165,19.33
408,13.54
1535,2.79
3925,9.96
4766,8.71
5098,13.79
3640,10.29
2634,19.62
4931,13.54
5229,22.21
5026,12.29
4033,7.33
519,11.29
2020,4.04
4323,11.58
4901,12.54
37,11.08
2146,7.41
2444,1.75
1934,6.38
4907,8.92
3669,9.33
2902,8.54
868,16.66
2714,10.04
459,12.42
3322,8.71
521,4.38
2900,7.83
3414,1.04
414,10.67
1627,9.54
286,14.88
4697,18.66
241,11.08
1802,13.29
1162,13.54
453,10.46
1821,7.96
140,9.75
674,15.59
1236,2.88
1151,14.33
542,10.58
1484,7.5
55,14.75
422,14.12
4057,11.38
2200,5.71
2635,18.5
1646,16.21
954,4.42
3402,5.09
2000,6.38
4625,5.63
4509,2.67
1181,12.0
1465,15.83
4278,8.42
106,5.25
4888,21.09
2472,12.46
2830,2.54
1526,8.67
802,16.25
1505,8.5
3939,13.13
4945,8.96
135,4.92
1924,8.83
1808,4.96
1076,10.34
3599,4.88
5304,12.25
4593,11.38
175,7.08
2626,4.96
223,10.92
78,8.46
3896,13.13
1541,7.92
2993,11.46
3302,14.71
1931,7.41
3603,11.96
4814,6.79
4754,11.04
376,1.46
1264,3.33
5172,9.92
4426,13.25
3424,11.21
88,5.5
3046,10.0
4520,6.87
5212,18.5
3809,3.13
2934,16.46
3207,8.33
448,14.09
4562,1.63
8,11.42
2105,1.08
1202,8.87
5155,3.88
676,13.42
2459,18.29
4085,5.88
526,12.17
3052,4.71
3199,11.34
1874,3.13
5129,4.75
5236,8.58
2193,10.37
2935,17.0
4098,9.13
3714,3.29
3712,2.96
4090,6.87
4324,11.21
4463,7.12
3797,7.5
2292,12.33
4594,8.29
2888,14.37
4529,9.21
240,8.63
4806,14.96
274,22.17
2392,16.21
4685,9.08
4963,10.71
2103,7.17
205,7.87
907,15.37
4261,11.87
4597,7.5
1210,13.59
3489,2.25
4163,5.88
83,16.62
57,10.88
1349,11.42
1021,5.75
1752,10.04
4430,7.08
4817,9.08
1857,4.63
5214,12.62
2225,8.0
4830,7.38
4053,4.46
1709,14.17
2651,7.87
4349,5.75
962,3.04
4920,18.29
1634,18.0
3259,2.62
1870,3.67
1965,8.0
1695,12.29
1830,3.17
359,5.17
2991,18.96
2817,11.58
367,15.75
3487,7.71
2043,9.59
2553,3.04
3542,6.54
2,11.25
1925,7.38
933,6.54
1985,7.62
747,14.62
3756,11.75
4677,9.96
531,6.46
1937,8.46
2248,10.25
3470,7.79
391,10.92
3140,8.58
1307,2.04
3791,10.67
572,4.92
3878,9.75
2956,9.08
1730,16.42
2172,7.96
3067,10.63
3981,14.75
3601,3.92
4890,18.5
3664,3.79
3834,10.54
4136,14.37
3055,10.04
5265,14.58
848,12.79
1631,17.83
1184,14.79
3102,15.25
5121,9.29
3162,11.58
5198,1.54
4001,10.63
2365,8.17
1641,10.0
2037,10.29
2462,9.0
1528,3.92
3079,3.08
2920,21.92
3434,2.67
51,8.17
3262,11.08
2293,10.34
3173,7.08
2575,13.5
1560,5.5
201,8.87
4297,13.29
3786,7.41
5046,14.29
4092,5.33
4495,4.92
3970,5.88
1876,5.96
1958,10.79
2021,5.09
3088,12.58
4870,20.46
1718,17.0
4699,9.42
456,9.83
1550,13.29
5223,9.75
3623,16.96
1976,3.21
4198,6.63
1911,2.25
4256,7.08
4954,13.42
2278,13.33
2165,10.29
2410,7.25
4224,5.09
2844,4.17
3271,5.79
4034,10.17
2449,7.21
2387,11.75
3315,9.13
3359,10.04
5141,9.42
4724,12.33
1826,8.17
5246,15.83
2385,9.71
1921,6.13
2618,8.42
2860,6.42
4532,11.63
4984,9.87
3634,20.41
300,15.71
5215,13.67
2065,5.04
4500,13.0
2421,8.75
4961,11.67
5051,15.92
1787,19.95
2527,5.04
2224,9.59
516,12.33
4769,4.71
1682,8.87
4291,13.17
3728,5.91
1517,6.29
5130,4.08
5254,17.67
2466,12.62
109,2.67
2447,2.0
5226,12.75
1951,13.42
3946,16.25
3976,20.91
699,10.92
4105,3.75
3800,16.29
4820,17.5
1950,5.75
4753,7.41
1601,10.54
1214,4.88
3444,4.33
1862,7.83
1267,7.08
534,8.04
3591,18.88
1444,9.25
5220,1.21
1149,2.79
2212,12.21
4229,16.66
507,4.63
754,6.5
932,13.42
3526,7.17
5244,1.25
3592,19.25
4629,6.5
1928,13.33
1359,12.12
636,14.46
592,7.29
1562,4.71
5204,6.13
4188,5.09
688,5.13
1946,6.42
1910,2.42
3600,3.21
90,5.0
1350,12.12
2110,11.58
1081,20.3
3364,8.46
1803,6.58
99,2.46
2435,5.91
4521,7.08
3093,5.09
442,2.25
1919,2.42
2670,15.92
3136,6.67
705,14.71
930,14.5
877,5.66
4094,8.38
3186,4.04
2170,4.17
144,3.42
4429,7.04
4825,17.21
4757,9.87
4137,7.58
1575,8.12
2262,12.87
2745,3.88
786,5.63
1339,13.79
5107,3.04
4966,10.96
3942,20.79
2729,10.63
1585,4.88
3614,11.46
3291,9.59
2267,7.25
5170,7.04
1960,5.13
829,7.71
5238,7.62
4786,13.04
619,14.0
4811,8.42
1899,8.08
1885,9.13
377,7.04
291,8.5
2222,7.87
2608,5.04
570,3.79
810,7.67
3277,17.41
2393,19.41
2836,6.96
4327,12.79
1782,11.34
3491,0.71
1763,12.12
3686,4.38
5199,2.42
2052,7.96
3035,13.0
23,16.79
5202,8.87
3924,20.67
2784,2.92
3027,6.34
4145,13.75
2994,7.75
1297,16.38
4563,7.41
480,6.5
3823,10.25
2887,7.58
27,14.88
1348,11.17
1357,5.33
3897,11.42
1311,1.83
2223,12.25
567,6.29
3437,12.79
2588,12.0
1190,16.04
3440,9.38
1487,9.38
3303,18.5
4838,6.34
1716,18.16
4381,17.0
5135,4.54
1141,12.5
1197,8.21
2171,3.25
5173,4.08
3841,4.42
3871,10.17
5126,8.04
4106,7.58
2777,4.79
1419,6.25
1904,2.46
782,15.34
3767,2.37
4968,16.08
1977,8.17
2239,11.29
1687,5.88
1679,4.25
3840,3.33
2643,6.25
4434,9.5
1393,7.33
3218,7.67
2489,2.25
2192,10.46
1614,8.58
760,2.71
1056,16.08
1944,8.42
3267,13.25
4017,10.08
490,16.04
3781,5.25
1470,18.05
2379,8.0
3717,3.29
2408,10.21
5114,4.88
3349,18.88
4266,10.63
272,9.0
2130,4.96
2372,15.16
1163,10.96
1858,3.04
1705,10.34
5003,14.54
5156,2.83
4203,12.25
4065,13.88
2584,6.04
1735,8.75
4433,10.54
4365,9.59
461,16.0
2122,5.37
2452,14.5
5033,10.67
492,16.66
1192,16.13
4879,8.5
1431,16.17
739,7.79
70,2.75
3835,6.67
1816,14.29
2275,7.12
4419,7.25
5077,7.38
2074,19.55
3,8.63
5179,6.92
4566,4.88
3451,5.09
3469,5.41
71,13.0
2623,8.21
4712,11.08
4695,13.25
505,3.13
3565,12.87
4307,11.92
4534,8.08
3119,2.33
22,14.33
5043,7.83
3425,7.79
4113,4.42
1835,7.33
2329,8.75
4609,8.29
1948,5.5
2402,9.25
625,16.08
3926,13.29
1776,16.92
5209,9.21
894,10.67
4072,11.08
363,15.71
1935,6.08
4946,20.33
199,3.75
4740,8.21
864,20.08
3309,9.08
3058,12.25
5298,9.13
3166,5.0
3135,7.04
4461,11.08
1539,8.33
430,6.21
3693,4.33
3017,14.88
496,12.79
2268,5.5
2757,10.21
869,19.7
1978,12.58
873,14.37
4635,11.67
690,8.25
3707,6.75
5124,9.5
1686,11.29
1836,13.5
2866,6.71
3750,6.71
3313,17.83
5182,3.17
232,5.88
4857,10.54
341,8.46
908,13.21
3204,14.0
4039,11.71
3545,4.5
1367,14.96
2302,3.83
1966,9.67
3355,11.46
4964,12.96
82,10.88
677,14.42
2027,1.63
1861,3.29
2513,4.67
1992,1.13
5029,4.67
2712,7.87
622,9.59
2793,7.67
4474,4.67
4334,17.41
2169,1.96
1494,17.58
703,4.79
5279,16.08
862,11.08
3899,6.92
2741,4.38
3624,19.0
3427,10.88
2969,14.17
1507,15.09
1873,3.42
4602,8.54
4313,20.79
3891,10.79
389,9.0
1734,0.54
3741,8.58
762,7.54
3708,1.83
1406,11.79
2884,2.88
329,18.12
2397,9.04
4799,2.96
3753,12.04
4118,1.79
34,14.21
3348,14.12
821,8.71
1438,21.92
287,15.25
2414,7.17
5262,8.17
4628,6.21
4782,7.58
3943,16.66
4905,12.17
2161,9.42
2040,7.5
1656,11.79
4102,4.58
2989,4.83
581,10.46
1104,21.5
2080,10.79
2412,3.25
1439,18.71
1684,17.88
2240,18.16
1558,4.25
4277,9.5
4310,3.42
2533,4.08
4783,5.29
1146,10.83
2856,8.33
4454,13.13
416,22.42
3796,7.12
1602,12.96
3356,12.04
4692,17.92
5034,2.79
3458,8.33
2478,9.17
2495,8.29
3518,5.66
5110,3.92
3866,7.83
60,5.5
2255,9.5
788,7.21
1118,5.46
4384,12.87
1792,13.29
4104,1.58
713,6.5
3561,13.67
4902,18.21
4861,15.09
3727,10.29
2301,6.0
5075,11.12
3881,4.0
936,4.29
455,13.79
538,6.13
874,11.54
268,12.71
3815,5.29
545,4.63
2388,11.0
5231,4.21
1551,4.96
1258,9.42
413,20.83
4962,14.17
4011,10.0
5047,18.0
4496,5.5
3556,6.5
3527,3.88
93,9.96
1524,10.88
1007,6.87
2359,14.92
2023,8.67
2566,15.87
126,5.04
2201,9.83
5167,13.83
443,4.0
4977,11.29
3132,6.92
2578,15.75
3095,12.71
3860,12.21
4321,23.13
3072,9.04
3656,3.37
1649,14.42
2483,7.41
2227,3.5
1647,10.04
434,8.96
508,7.5
4030,10.63
32,13.96
2378,14.42
2072,5.13
4295,7.08
2880,13.92
3895,15.92
3367,9.08
2819,13.25
180,7.41
2871,7.92
1282,8.46
5257,1.83
2046,10.46
4360,7.58
2174,5.17
4391,10.34
719,5.91
3892,13.67
295,8.21
3963,14.25
794,13.88
4756,7.96
3665,12.12
4591,8.83
4201,9.29
3143,2.62
3306,7.92
2395,7.33
4841,3.71
922,7.92
4007,9.21
2467,10.79
2557,6.13
3121,6.17
1326,5.88
5056,12.54
3273,2.67
4765,6.67
915,4.29
1425,14.62
231,3.83
2778,7.38
1474,8.71
1221,10.71
2751,9.83
2917,9.17
1100,8.04
1257,12.46
1888,12.38
1922,7.04
687,9.29
5133,1.71
2599,13.75
2795,12.25
4063,7.21
4703,20.21
3092,7.87
4904,13.33
4636,7.58
4028,11.12
2625,3.5
89,9.25
2446,11.96
113,9.13
4933,11.38
1235,4.83
3476,3.83
2936,5.25
191,2.21
3839,7.46
2341,4.33
2945,10.41
16,3.71
5094,6.34
3295,4.25
4344,12.08
3261,9.71
3463,4.71
1760,3.63
4166,5.75
2747,8.04
4254,11.54
1557,8.25
2159,2.04
1755,9.92
3178,3.54
4976,13.88
1871,3.33
1759,7.58
4867,8.17
3486,7.17
1312,2.71
2425,6.46
2999,3.71
4050,10.29
672,23.09
3310,12.0
4462,9.96
3034,9.17
4955,13.79
4610,10.88
1248,10.25
1794,13.67
4947,22.46
2213,8.17
2654,8.58
1662,12.79
1128,15.12
3200,5.83
5280,14.67
3918,9.25
2289,8.58
845,19.04
3655,3.58
2010,12.58
3940,14.88
3078,9.08
5035,4.63
1427,4.54
2270,5.66
4645,8.04
1105,12.21
361,2.17
892,13.54
2574,12.92
4541,12.33
1061,15.79
4576,2.58
4736,14.12
4721,7.79
14,13.42
2666,19.08
1543,3.54
1378,17.16
3622,17.16
3539,10.46
3084,11.63
3230,9.96
464,8.0
3358,9.0
4501,10.58
2490,5.37
4550,1.63
4725,14.92
609,8.42
2637,11.96
133,6.79
4097,3.75
293,9.29
3101,9.92
3406,9.21
4982,19.41
3573,0.0
4679,5.25
3155,6.38
881,7.54
3875,9.33
2944,10.41
2543,17.29
330,8.5
2009,14.12
4149,5.83
2838,2.83
5009,15.71
4584,9.62
1594,3.54
1639,14.58
544,2.88
4245,5.5
4981,16.62
1771,5.54
3668,9.83
3054,8.87
4590,4.96
639,9.96
2512,1.0
2191,4.63
1150,8.5
3224,8.63
2800,5.79
2640,5.91
924,6.58
2878,11.96
3086,18.38
3831,4.92
4343,10.17
2621,13.79
1132,4.12
3047,8.87
604,5.96
3116,5.46
744,13.59
5233,9.25
2216,13.92
2185,2.88
3026,7.75
3751,6.04
1891,3.13
454,8.75
2567,12.21
3393,9.13
3651,11.96
4451,10.83
1305,16.29
5088,9.62
757,2.92
5111,0.83
194,18.79
4761,7.67
4951,14.17
3377,6.63
3365,8.71
4386,16.38
731,7.96
1968,12.83
1795,20.5
1764,14.92
3082,15.04
4418,5.33
3323,7.71
3465,2.25
2684,6.63
2721,7.38
5093,3.67
2620,17.88
2360,19.7
4421,11.25
612,4.79
855,7.83
1336,5.46
2480,10.79
3574,3.29
3003,3.88
2766,5.09
4355,7.87
3579,2.33
4718,12.54
441,5.41
2843,8.38
281,18.34
407,9.92
4538,13.17
2947,14.0
3978,13.17
2507,1.42
2140,14.5
1675,3.04
1731,8.08
2622,4.83
5299,2.46
2551,4.17
4022,6.46
686,8.38
2523,22.37
931,12.25
557,8.04
3429,2.75
2610,7.62
2657,2.25
4293,9.46
3287,12.83
4846,7.87
17,8.04
2563,10.96
481,7.96
4671,18.29
3512,6.29
1230,20.88
3329,3.04
763,15.04
1452,17.21
4231,11.75
1521,5.09
4731,6.13
1514,9.0
3737,7.54
460,11.63
1994,4.63
3959,21.59
4648,10.75
4486,10.25
2056,12.04
4173,9.42
2810,3.5
424,6.58
1401,9.0
2528,5.96
4004,7.92
4436,10.0
1343,6.17
4508,1.67
4184,7.46
998,10.58
3719,7.62
819,23.13
323,6.92
1996,9.04
4862,14.37
3956,8.12
321,16.66
2108,3.92
1510,16.83
3933,21.67
836,6.58
979,10.0
3997,4.21
1443,16.75
3505,6.79
3373,5.04
5296,13.21
3387,17.16
271,2.96
4142,13.79
5206,5.09
1133,8.5
1669,5.5
4112,11.71
2541,13.17
2863,14.21
2241,10.71
5284,8.08
3700,4.25
867,9.75
3914,5.88
1902,10.04
4029,10.92
2854,9.92
2587,10.21
438,6.42
1222,16.66
2937,14.04
1038,9.21
1111,3.79
262,5.63
1246,14.83
3064,19.55
4851,7.12
3331,3.5
4099,7.46
1513,8.83
3687,6.71
2521,5.71
2709,7.21
4235,2.29
342,14.29
2011,4.04
5036,3.63
1537,15.16
3537,10.21
4626,9.92
1329,5.91
2004,9.87
695,8.5
1381,4.96
3258,2.08
555,8.29
1153,4.75
950,13.79
4043,7.0
4455,10.79
3316,5.46
255,9.13
390,3.83
2768,6.21
3226,9.25
371,15.79
1389,5.63
5282,7.17
1789,18.66
4507,1.67
4242,11.67
3862,13.0
1418,7.96
826,6.0
1442,19.17
4939,7.54
2624,11.67
837,7.33
4202,16.25
3971,9.62
1704,8.04
588,12.58
2338,15.29
4958,2.67
3702,5.17
4309,8.25
3937,13.75
1382,10.41
3252,14.54
2428,10.58
4195,9.25
1897,6.67
1159,14.33
5306,1.96
39,11.71
2050,8.5
4547,5.66
1847,3.33
1092,19.55
3325,6.58
2894,12.38
1363,19.38
3481,2.54
111,9.5
942,6.83
4169,5.33
4143,17.29
96,6.54
1593,5.17
5243,3.0
5218,8.25
4060,1.21
1346,6.75
3454,6.58
3582,7.46
